,0,1,accuracy,macro avg,weighted avg
precision,0.7246109746109746,0.7144253322908523,0.7194,0.7195181534509134,0.7195181534509134
recall,0.7078,0.731,0.7194,0.7194,0.7194
f1-score,0.716106839336301,0.7226176354290234,0.7194,0.7193622373826623,0.7193622373826621
support,5000.0,5000.0,0.7194,10000.0,10000.0
