,0,1,accuracy,macro avg,weighted avg
precision,0.7209254709254709,0.7109069585613761,0.7158,0.7159162147434235,0.7159162147434235
recall,0.7042,0.7274,0.7158,0.7158,0.7158000000000001
f1-score,0.7124645892351275,0.7190589165678134,0.7158,0.7157617529014704,0.7157617529014704
support,5000.0,5000.0,0.7158,10000.0,10000.0
