,0,1,accuracy,macro avg,weighted avg
precision,0.7209016393442623,0.710546875,0.7156,0.7157242571721312,0.7157242571721312
recall,0.7036,0.7276,0.7156,0.7156,0.7156
f1-score,0.7121457489878543,0.7189723320158103,0.7156,0.7155590405018324,0.7155590405018324
support,5000.0,5000.0,0.7156,10000.0,10000.0
