,0,1,accuracy,macro avg,weighted avg
precision,0.665680473372781,0.6951219512195121,0.6792,0.6804012122961466,0.6804012122961466
recall,0.72,0.6384,0.6792,0.6792,0.6792
f1-score,0.6917755572636433,0.665554628857381,0.6792,0.6786650930605121,0.6786650930605121
support,5000.0,5000.0,0.6792,10000.0,10000.0
