,0,1,accuracy,macro avg,weighted avg
precision,0.6766078312030838,0.6716623940051272,0.6741,0.6741351126041055,0.6741351126041054
recall,0.667,0.6812,0.6741,0.6741,0.6741
f1-score,0.6717695639037164,0.6763975772018668,0.6741,0.6740835705527917,0.6740835705527916
support,5000.0,5000.0,0.6741,10000.0,10000.0
