,0,1,accuracy,macro avg,weighted avg
precision,0.6895621498236149,0.6763173132599885,0.6827,0.6829397315418017,0.6829397315418017
recall,0.6646,0.7008,0.6827,0.6827,0.6827
f1-score,0.6768510031571442,0.6883410274039878,0.6827,0.682596015280566,0.682596015280566
support,5000.0,5000.0,0.6827,10000.0,10000.0
