,0,1,accuracy,macro avg,weighted avg
precision,0.7138523761375126,0.7091988130563798,0.7115,0.7115255945969462,0.7115255945969462
recall,0.706,0.717,0.7115,0.7115,0.7115
f1-score,0.7099044746103569,0.7130780706116359,0.7115,0.7114912726109963,0.7114912726109964
support,5000.0,5000.0,0.7115,10000.0,10000.0
