,mean_fit_time,std_fit_time,mean_score_time,std_score_time,param_max_depth,param_n_estimators,params,split0_test_score,split1_test_score,split2_test_score,split3_test_score,split4_test_score,mean_test_score,std_test_score,rank_test_score
0,2614.2993598461153,9.099203085239012,0.31096615791320803,0.0020338630876157193,3,100,"{'max_depth': 3, 'n_estimators': 100}",0.651975,0.6536,0.6463,0.6515,0.6526,0.651195,0.0025463896009840976,9
1,5235.116350221634,13.629643277552375,0.5990039825439453,0.01147338477542441,3,200,"{'max_depth': 3, 'n_estimators': 200}",0.669025,0.669,0.6635,0.669175,0.669325,0.668005,0.002255515462150504,6
2,7642.973242282867,71.44254997976554,0.5072612285614013,0.015560281529968429,3,300,"{'max_depth': 3, 'n_estimators': 300}",0.67895,0.67845,0.672675,0.67955,0.67865,0.677655,0.0025175583409327304,5
3,3503.082672548294,18.48786701112486,0.4152197360992432,0.0060276593720129425,4,100,"{'max_depth': 4, 'n_estimators': 100}",0.663825,0.660225,0.655225,0.662375,0.664075,0.661145,0.0032610734429019124,8
4,6887.899181890488,83.3667773278885,0.602796220779419,0.1291572901866552,4,200,"{'max_depth': 4, 'n_estimators': 200}",0.679475,0.677225,0.67325,0.6799,0.6795,0.67787,0.0024945640901768724,4
5,9696.451343679428,125.77166537213563,0.6532082080841064,0.01244819834511545,4,300,"{'max_depth': 4, 'n_estimators': 300}",0.688825,0.6852,0.683275,0.688025,0.688325,0.6867300000000001,0.002139532659250618,2
6,4298.379047822952,70.67761226230019,0.4475203037261963,0.06596257602342054,5,100,"{'max_depth': 5, 'n_estimators': 100}",0.670275,0.66845,0.662025,0.66785,0.66875,0.66747,0.002837578192755221,7
7,7590.459716129303,180.39560575210567,0.4862683773040771,0.026785250989986624,5,200,"{'max_depth': 5, 'n_estimators': 200}",0.685325,0.686225,0.678525,0.683675,0.6861,0.6839700000000001,0.002870296151967579,3
8,10522.496809625625,180.96985691731115,0.6753480911254883,0.03032804978057955,5,300,"{'max_depth': 5, 'n_estimators': 300}",0.692375,0.693975,0.68775,0.692225,0.69235,0.6917350000000001,0.0020940749747800445,1
