,mean_fit_time,std_fit_time,mean_score_time,std_score_time,param_max_depth,param_n_estimators,params,split0_test_score,split1_test_score,split2_test_score,split3_test_score,split4_test_score,mean_test_score,std_test_score,rank_test_score
0,5251.148903799057,40.38140375339918,0.33303518295288087,0.0014259306631185583,3,100,"{'max_depth': 3, 'n_estimators': 100}",0.682625,0.682975,0.67975,0.6814,0.683775,0.682105,0.0014042257653240995,9
1,10548.490163946151,97.22028188828268,0.6306616783142089,0.01855347486698587,3,200,"{'max_depth': 3, 'n_estimators': 200}",0.700975,0.7007,0.697175,0.699025,0.702575,0.7000900000000001,0.001841846899174837,6
2,15381.641376161575,40.7417604340309,0.50660080909729,0.015178803335766131,3,300,"{'max_depth': 3, 'n_estimators': 300}",0.71045,0.710525,0.70595,0.70575,0.712925,0.7091200000000001,0.0028151998152884457,4
3,7055.397689962387,37.81730888828973,0.4261387825012207,0.0008913456248729038,4,100,"{'max_depth': 4, 'n_estimators': 100}",0.692225,0.694675,0.6907,0.69025,0.693425,0.6922550000000001,0.0016531333884475293,8
4,14067.782288265229,103.6723786366653,0.7839451789855957,0.01643794470626746,4,200,"{'max_depth': 4, 'n_estimators': 200}",0.708925,0.707675,0.7058,0.706875,0.709575,0.70777,0.0013625710990623503,5
5,19682.6403072834,75.39246389863317,0.6595571994781494,0.01692350676913761,4,300,"{'max_depth': 4, 'n_estimators': 300}",0.716825,0.715125,0.713575,0.71645,0.71815,0.716025,0.0015587655372120651,2
6,8799.906909227371,68.60317631930472,0.5279792308807373,0.045453704227865106,5,100,"{'max_depth': 5, 'n_estimators': 100}",0.700025,0.698475,0.697125,0.6971,0.702425,0.6990299999999999,0.0020088802851339674,7
7,15239.70991024971,452.6470933995271,0.5104474544525146,0.026485201243323316,5,200,"{'max_depth': 5, 'n_estimators': 200}",0.7149,0.71325,0.71295,0.71375,0.71495,0.7139599999999999,0.0008284926070883067,3
8,20994.86718940735,418.8439681590653,0.7222912788391114,0.013630338933960847,5,300,"{'max_depth': 5, 'n_estimators': 300}",0.7235,0.720125,0.719425,0.720675,0.723175,0.72138,0.0016498787834262419,1
